"0","pop_ocupada_mun <- read_excel(""C:/Users/alefs/OneDrive/Documentos/GitHub/sa_maismedicos/01_dados/Editais/2019/pop_ocupada_mun.xlsx"") |> 
  select(-municipio) |> 
  mutate(across(-cod_ibge, as.numeric)) |>  # Converte todas as colunas, exceto cod_ibge, para ""character""
  pivot_longer(
    cols = -cod_ibge,
    names_to = ""ano"",
    values_to = ""pop_ocupada""
  ) |> 
  mutate(ano = as.numeric(ano))
"
"2","Warning: [38;5;232mThere were 7 warnings in `mutate()`.
The first warning was:[39m
[38;5;232m[36m‚Ñπ[38;5;232m In argument: `across(-cod_ibge, as.numeric)`.[39m
Caused by warning:
[33m![39m NAs introduzidos por coer√ß√£o
[38;5;232m[36m‚Ñπ[38;5;232m Run ]8;;ide:run:dplyr::last_dplyr_warnings()dplyr::last_dplyr_warnings()]8;; to see the 6 remaining warnings.[39m"
